USE world_of_toys;
SET FOREIGN_KEY_CHECKS=0;

INSERT INTO age_category(id, name)
VALUES (1, '0-1 роки'),
       (2, '2-3 роки'),
       (3, '4-6 років'),
       (4, '7-10 років'),
       (5, '10-13 років'),
       (6, 'від 14 років');
       
INSERT INTO brand_category(id, name)
VALUES (1, 'DJECO'),
       (2, 'Chicco'),
       (3, 'Fisher-Price'),
       (4, 'LOL Surprise'),
       (5, 'Barbie'),
       (6, 'Corolle'),
       (7, 'Smoby'),
       (8, 'Shantou'),
       (9, 'Jinxing'),
       (10, 'Spin Master'),
       (11, 'Dragons'),
       (12, 'Infantino'),
       (13, 'Chi Chi Love'),
       (14, 'Wizarding World'),
       (15, 'Baby Born');
       
INSERT INTO gender_category(id, name)
VALUES (1, 'для дівчаток'),
       (2, 'для хлопчиків'),
       (3, 'унісекс');
       
INSERT INTO origin_category(id, name)
VALUES (1, 'Китай'),
       (2, 'Україна'),
       (3, 'Німечина'),
       (4, 'Польша'),
       (5, 'Іспанія'),
       (6, 'Чехія'),
       (7, 'Угорщина');
       
INSERT INTO type_category(id, name)
VALUES (1, 'Ляльки та пупси'),
       (2, 'Конструктори'),
       (3, 'Машинки, моделі техніка'),
       (4, 'Настільні ігри та пазли'),
       (5, 'Іграшкова зброя'),
       (6, 'Роботи та трансформери'),
       (7, 'М\'які іграшки');
       
INSERT INTO product(id, name, description, image, price, origin_id, gender_id, brand_id, type_id)
VALUES (1, 'Лялька Клаймбер і кошеня Сієста', 
		'Lorem ipsum dolor, sit amet consectetur adipisicing elit. Voluptatum in, asperiores. Mollitia voluptate, fuga facilis quod, quidem iure blanditiis soluta veniam nobis praesentium ex quo ut officiis consequuntur sapiente nisi!', 
		'https://bi.ua/uploaded-images/products/size_400/552024_1.jpg',
        650, 1, 1, 1, 1),
       (2, 'Лялька Олениця Деніса', 
		'Lorem ipsum dolor, sit amet consectetur adipisicing elit. Voluptatum in, asperiores. Mollitia voluptate, fuga facilis quod, quidem iure blanditiis soluta veniam nobis praesentium ex quo ut officiis consequuntur sapiente nisi!', 
		'https://bi.ua/uploaded-images/products/size_400/542030_1.jpg',
        850, 2, 1, 2, 1),
        (3, 'Лялька Русалочка Маура', 
		'Lorem ipsum dolor, sit amet consectetur adipisicing elit. Voluptatum in, asperiores. Mollitia voluptate, fuga facilis quod, quidem iure blanditiis soluta veniam nobis praesentium ex quo ut officiis consequuntur sapiente nisi!', 
		'https://bi.ua/uploaded-images/products/size_400/563036_1.jpg',
        350, 3, 1, 3, 1),
        (4, 'Лялька Barbie Color reveal Вечірка', 
		'Lorem ipsum dolor, sit amet consectetur adipisicing elit. Voluptatum in, asperiores. Mollitia voluptate, fuga facilis quod, quidem iure blanditiis soluta veniam nobis praesentium ex quo ut officiis consequuntur sapiente nisi!', 
		'https://bi.ua/uploaded-images/products/size_400/568737_0.jpg',
        899, 4, 1, 5, 1),
        (5, 'Пупс NBB Simba 30 см з аксесуарами', 
		'Lorem ipsum dolor, sit amet consectetur adipisicing elit. Voluptatum in, asperiores. Mollitia voluptate, fuga facilis quod, quidem iure blanditiis soluta veniam nobis praesentium ex quo ut officiis consequuntur sapiente nisi!', 
		'https://bi.ua/uploaded-images/products_photos/size_400/520990_2.jpg',
        1286, 2, 1, 4, 1),
        (6, 'Пупс Чарівна дівчинка', 
		'Lorem ipsum dolor, sit amet consectetur adipisicing elit. Voluptatum in, asperiores. Mollitia voluptate, fuga facilis quod, quidem iure blanditiis soluta veniam nobis praesentium ex quo ut officiis consequuntur sapiente nisi!', 
		'https://bi.ua/uploaded-images/products/size_400/566148_1.jpg',
        3200, 4, 1, 1, 1),
        (7, 'Конструктор Battat Архітектор 54', 
		'Lorem ipsum dolor, sit amet consectetur adipisicing elit. Voluptatum in, asperiores. Mollitia voluptate, fuga facilis quod, quidem iure blanditiis soluta veniam nobis praesentium ex quo ut officiis consequuntur sapiente nisi!', 
		'https://bi.ua/uploaded-images/products/size_400/533517_1.jpg',
        1199, 4, 2, 6, 2),
        (8, 'Конструктор Mega Bloks Потяг', 
		'Lorem ipsum dolor, sit amet consectetur adipisicing elit. Voluptatum in, asperiores. Mollitia voluptate, fuga facilis quod, quidem iure blanditiis soluta veniam nobis praesentium ex quo ut officiis consequuntur sapiente nisi!', 
		'https://bi.ua/uploaded-images/products/size_400/519406_1.jpg',
        949, 5, 2, 7, 2),
        (9, 'Конструктор Animal', 
		'Lorem ipsum dolor, sit amet consectetur adipisicing elit. Voluptatum in, asperiores. Mollitia voluptate, fuga facilis quod, quidem iure blanditiis soluta veniam nobis praesentium ex quo ut officiis consequuntur sapiente nisi!', 
		'https://bi.ua/uploaded-images/products/size_400/550514_1.jpg',
        549, 5, 3, 8, 2),
        (10, 'Конструктор Вантажівка', 
		'Lorem ipsum dolor, sit amet consectetur adipisicing elit. Voluptatum in, asperiores. Mollitia voluptate, fuga facilis quod, quidem iure blanditiis soluta veniam nobis praesentium ex quo ut officiis consequuntur sapiente nisi!', 
		'https://bi.ua/uploaded-images/products/size_400/569946_1.jpg',
        750, 6, 3, 9, 2),
        (11, 'Машинка Cars Тачки 3', 
		'Lorem ipsum dolor, sit amet consectetur adipisicing elit. Voluptatum in, asperiores. Mollitia voluptate, fuga facilis quod, quidem iure blanditiis soluta veniam nobis praesentium ex quo ut officiis consequuntur sapiente nisi!', 
		'https://bi.ua/uploaded-images/products/size_400/569946_1.jpg',
        200, 7, 2, 10, 3),
        (12, 'Машинка Pre cool', 
		'Lorem ipsum dolor, sit amet consectetur adipisicing elit. Voluptatum in, asperiores. Mollitia voluptate, fuga facilis quod, quidem iure blanditiis soluta veniam nobis praesentium ex quo ut officiis consequuntur sapiente nisi!', 
		'https://bi.ua/uploaded-images/products/size_400/569946_1.jpg',
        1500, 6, 2, 11, 3),
        (13, 'Пожежна машина з драбиною', 
		'Lorem ipsum dolor, sit amet consectetur adipisicing elit. Voluptatum in, asperiores. Mollitia voluptate, fuga facilis quod, quidem iure blanditiis soluta veniam nobis praesentium ex quo ut officiis consequuntur sapiente nisi!', 
		'https://bi.ua/uploaded-images/products/size_400/558582_1.jpg',
        500, 5, 3, 11, 3),
        (14, 'Товарний поїзд з ландшафтом', 
		'Lorem ipsum dolor, sit amet consectetur adipisicing elit. Voluptatum in, asperiores. Mollitia voluptate, fuga facilis quod, quidem iure blanditiis soluta veniam nobis praesentium ex quo ut officiis consequuntur sapiente nisi!', 
		'https://bi.ua/uploaded-images/products/size_400/527606_1.jpg',
        6200, 3, 3, 12, 3),
        (15, 'Монополія Неперевершений електронний банкін', 
		'Lorem ipsum dolor, sit amet consectetur adipisicing elit. Voluptatum in, asperiores. Mollitia voluptate, fuga facilis quod, quidem iure blanditiis soluta veniam nobis praesentium ex quo ut officiis consequuntur sapiente nisi!', 
		'https://bi.ua/uploaded-images/products/size_400/558285_1.jpg',
        1999, 4, 3, 13, 4),
        (16, 'Noris Морський бій', 
		'Lorem ipsum dolor, sit amet consectetur adipisicing elit. Voluptatum in, asperiores. Mollitia voluptate, fuga facilis quod, quidem iure blanditiis soluta veniam nobis praesentium ex quo ut officiis consequuntur sapiente nisi!', 
		'https://bi.ua/uploaded-images/products/size_400/555300_1.jpg',
        999, 5, 3, 14, 4),
        (17, 'Гра-пазл Протилежності', 
		'Lorem ipsum dolor, sit amet consectetur adipisicing elit. Voluptatum in, asperiores. Mollitia voluptate, fuga facilis quod, quidem iure blanditiis soluta veniam nobis praesentium ex quo ut officiis consequuntur sapiente nisi!', 
		'https://bi.ua/uploaded-images/products/size_400/353555_1.jpg',
        350, 6, 2, 15, 4),
        (18, 'Пазл Професії', 
		'Lorem ipsum dolor, sit amet consectetur adipisicing elit. Voluptatum in, asperiores. Mollitia voluptate, fuga facilis quod, quidem iure blanditiis soluta veniam nobis praesentium ex quo ut officiis consequuntur sapiente nisi!', 
		'https://bi.ua/uploaded-images/products/size_400/558973_1.jpg',
        450, 6, 3, 7, 4),
        (19, 'Пазл У дорозі', 
		'Lorem ipsum dolor, sit amet consectetur adipisicing elit. Voluptatum in, asperiores. Mollitia voluptate, fuga facilis quod, quidem iure blanditiis soluta veniam nobis praesentium ex quo ut officiis consequuntur sapiente nisi!', 
		'https://bi.ua/uploaded-images/products/size_400/560163_1.jpg',
        899, 4, 3, 9, 4),
        (20, 'Пазли Цукерки 1000 елементів', 
		'Lorem ipsum dolor, sit amet consectetur adipisicing elit. Voluptatum in, asperiores. Mollitia voluptate, fuga facilis quod, quidem iure blanditiis soluta veniam nobis praesentium ex quo ut officiis consequuntur sapiente nisi!', 
		'https://bi.ua/uploaded-images/products/size_400/535810_1.jpg',
        899, 4, 1, 11, 4),
        (21, 'Бластер іграшковий', 
		'Lorem ipsum dolor, sit amet consectetur adipisicing elit. Voluptatum in, asperiores. Mollitia voluptate, fuga facilis quod, quidem iure blanditiis soluta veniam nobis praesentium ex quo ut officiis consequuntur sapiente nisi!', 
		'https://bi.ua/uploaded-images/products/size_400/557835_1.jpg',
        899, 5, 2, 10, 5),
        (22, 'Ігрова електронна мішень', 
		'Lorem ipsum dolor, sit amet consectetur adipisicing elit. Voluptatum in, asperiores. Mollitia voluptate, fuga facilis quod, quidem iure blanditiis soluta veniam nobis praesentium ex quo ut officiis consequuntur sapiente nisi!', 
		'https://bi.ua/uploaded-images/products/size_400/559368_1.jpg',
        99, 5, 2, 12, 5),
        (23, 'Швидкострільний бластер', 
		'Lorem ipsum dolor, sit amet consectetur adipisicing elit. Voluptatum in, asperiores. Mollitia voluptate, fuga facilis quod, quidem iure blanditiis soluta veniam nobis praesentium ex quo ut officiis consequuntur sapiente nisi!', 
		'https://bi.ua/uploaded-images/products/size_400/559850_1.jpg',
        1799, 1, 2, 13, 5),
        (24, 'Робот-собака', 
		'Lorem ipsum dolor, sit amet consectetur adipisicing elit. Voluptatum in, asperiores. Mollitia voluptate, fuga facilis quod, quidem iure blanditiis soluta veniam nobis praesentium ex quo ut officiis consequuntur sapiente nisi!', 
		'https://bi.ua/uploaded-images/products/size_400/559295_1.jpg',
        2999, 5, 3, 14, 6),
        (25, 'Робот-трансформер', 
		'Lorem ipsum dolor, sit amet consectetur adipisicing elit. Voluptatum in, asperiores. Mollitia voluptate, fuga facilis quod, quidem iure blanditiis soluta veniam nobis praesentium ex quo ut officiis consequuntur sapiente nisi!', 
		'https://bi.ua/uploaded-images/products/size_400/561660_1.jpg',
        2999, 1, 2, 15, 6),
        (26, 'Ведмідь білий', 
		'Lorem ipsum dolor, sit amet consectetur adipisicing elit. Voluptatum in, asperiores. Mollitia voluptate, fuga facilis quod, quidem iure blanditiis soluta veniam nobis praesentium ex quo ut officiis consequuntur sapiente nisi!', 
		'https://bi.ua/uploaded-images/products/size_400/547373_1.jpg',
        299, 1, 3, 1, 7),
        (27, 'Панда', 
		'Lorem ipsum dolor, sit amet consectetur adipisicing elit. Voluptatum in, asperiores. Mollitia voluptate, fuga facilis quod, quidem iure blanditiis soluta veniam nobis praesentium ex quo ut officiis consequuntur sapiente nisi!', 
		'https://bi.ua/uploaded-images/products/size_400/556114_1.jpg',
        86, 1, 3, 1, 7),
        (28, 'Пінгвін', 
		'Lorem ipsum dolor, sit amet consectetur adipisicing elit. Voluptatum in, asperiores. Mollitia voluptate, fuga facilis quod, quidem iure blanditiis soluta veniam nobis praesentium ex quo ut officiis consequuntur sapiente nisi!', 
		'https://bi.ua/uploaded-images/products_photos/size_400/556117_2.jpg',
        86, 2, 3, 11, 7),
        (29, 'Цуценя', 
		'Lorem ipsum dolor, sit amet consectetur adipisicing elit. Voluptatum in, asperiores. Mollitia voluptate, fuga facilis quod, quidem iure blanditiis soluta veniam nobis praesentium ex quo ut officiis consequuntur sapiente nisi!', 
		'https://bi.ua/uploaded-images/products/size_400/549817_1.jpg',
        850, 2, 3, 11, 7),
        (30, 'Єдиноріг', 
		'Lorem ipsum dolor, sit amet consectetur adipisicing elit. Voluptatum in, asperiores. Mollitia voluptate, fuga facilis quod, quidem iure blanditiis soluta veniam nobis praesentium ex quo ut officiis consequuntur sapiente nisi!', 
		'https://bi.ua/uploaded-images/products/size_400/555562_1.jpg',
        850, 2, 3, 12, 7);
        
INSERT INTO product_age_category(products_id, age_category_id)
VALUES (1, 2),
       (1, 3),
       (1, 4),
       (2, 2),
       (2, 3),
       (3, 2),
       (3, 3),
       (4, 2),
       (5, 2),
       (6, 1),
       (6, 2),
       (7, 4),
       (7, 5),
       (8, 5),
       (9, 4),
       (9, 5),
       (10, 4),
       (10, 5),
       (11, 2),
       (11, 3),
       (11, 4),
       (12, 4),
       (12, 3),
       (13, 3),
       (14, 3),
       (14, 4),
       (15, 6),
       (15, 7),
       (16, 6),
       (16, 7),
       (17, 6),
       (17, 7),
       (18, 3),
       (18, 2),
       (19, 2),
       (19, 3),
       (20, 3),
       (20, 4),
       (21, 3),
       (21, 4),
       (22, 4),
       (22, 3),
       (23, 3),
       (23, 4),
       (23, 5),
       (24, 6),
       (24, 7),
       (25, 5),
       (25, 4),
       (26, 2),
       (26, 3),
       (26, 4),
       (27, 4),
       (27, 3),
       (27, 2),
       (28, 2),
       (28, 3),
       (28, 4),
       (29, 4),
       (29, 3),
       (29, 2),
       (30, 2),
       (30, 3);