USE world_of_toys;
SET FOREIGN_KEY_CHECKS=0;

TRUNCATE TABLE age_category;
TRUNCATE TABLE brand_category;
TRUNCATE TABLE gender_category;
TRUNCATE TABLE origin_category;
TRUNCATE TABLE type_category;
TRUNCATE TABLE product;
TRUNCATE TABLE product_age_category;
TRUNCATE TABLE blog_post;
TRUNCATE TABLE shipping_option;

INSERT INTO age_category(id, name)
VALUES (1, '0-1 роки'),
       (2, '2-3 роки'),
       (3, '4-6 років'),
       (4, '7-10 років'),
       (5, '10-13 років'),
       (6, 'від 14 років');

INSERT INTO brand_category(id, name)
VALUES (1, 'DJECO'),
       (2, 'Chicco'),
       (3, 'Fisher-Price'),
       (4, 'LOL Surprise'),
       (5, 'Barbie'),
       (6, 'Corolle'),
       (7, 'Smoby'),
       (8, 'Shantou'),
       (9, 'Jinxing'),
       (10, 'Spin Master'),
       (11, 'Dragons'),
       (12, 'Infantino'),
       (13, 'Chi Chi Love'),
       (14, 'Wizarding World'),
       (15, 'Baby Born');

INSERT INTO gender_category(id, name)
VALUES (1, 'для дівчаток'),
       (2, 'для хлопчиків'),
       (3, 'унісекс');

INSERT INTO origin_category(id, name)
VALUES (1, 'Китай'),
       (2, 'Україна'),
       (3, 'Німечина'),
       (4, 'Польша'),
       (5, 'Іспанія'),
       (6, 'Чехія'),
       (7, 'Угорщина');

INSERT INTO type_category(id, name)
VALUES (1, 'Ляльки та пупси'),
       (2, 'Конструктори'),
       (3, 'Машинки, моделі техніка'),
       (4, 'Настільні ігри та пазли'),
       (5, 'Іграшкова зброя'),
       (6, 'Роботи та трансформери'),
       (7, 'М\'які іграшки');

INSERT INTO product(id,name, slug, description, image, price, origin_id, gender_id, brand_id, type_id)
VALUES (1, 'Лялька Клаймбер і кошеня Сієста', 'lalka-klajmber-i-kosena-siesta',
        'Лялька Клаймбер та кошеня Сієста - неймовірно милі іграшки, які стануть найкращими друзями для будь-якої дитини. Їхні яскраві кольори та деталі вражають натуральністю, а рухливість ляльки дозволяє дитині відчути себе справжнім дизайнером моди. Кошеня Сієста буде не менш приємним супутником, зі своєю м''якою іграшковою шерстю та чудовим виглядом. Обидві іграшки виготовлені з якісних матеріалів та повністю безпечні для дітей.',
        'https://bi.ua/uploaded-images/products/size_400/552024_1.jpg',
        650, 1, 1, 1, 1),
       (2, 'Лялька Олениця Деніса', 'lalka-olenica-denisa',
        'Ми раді представити вам нашу нову іграшку - захоплюючу та чарівну. Ця іграшка - ідеальний вибір для маленьких діток, які люблять проводити час з користю та задоволенням. Вона розвиває креативність, уяву та моторику рук, сприяє зростанню навичок та вмінь, а також стимулює дітей до активної гри.',
        'https://bi.ua/uploaded-images/products/size_400/542030_1.jpg',
        850, 2, 1, 2, 1),
       (3, 'Лялька Русалочка Маура', 'lalka-rusalocka-maura',
        'Ми раді представити вам нашу нову іграшку - захоплюючу та чарівну. Ця іграшка - ідеальний вибір для маленьких діток, які люблять проводити час з користю та задоволенням. Вона розвиває креативність, уяву та моторику рук, сприяє зростанню навичок та вмінь, а також стимулює дітей до активної гри.',
        'https://bi.ua/uploaded-images/products/size_400/563036_1.jpg',
        350, 3, 1, 3, 1),
       (4, 'Лялька Barbie Color reveal Вечірка', 'lalka-barbie-color-reveal-vecirka',
        'Ми раді представити вам нашу нову іграшку - захоплюючу та чарівну. Ця іграшка - ідеальний вибір для маленьких діток, які люблять проводити час з користю та задоволенням. Вона розвиває креативність, уяву та моторику рук, сприяє зростанню навичок та вмінь, а також стимулює дітей до активної гри.',
        'https://bi.ua/uploaded-images/products/size_400/568737_0.jpg',
        899, 4, 1, 5, 1),
       (5, 'Пупс NBB Simba 30 см з аксесуарами', 'pups-nbb-simba-30-sm-z-aksesuarami',
        'Ми раді представити вам нашу нову іграшку - захоплюючу та чарівну. Ця іграшка - ідеальний вибір для маленьких діток, які люблять проводити час з користю та задоволенням. Вона розвиває креативність, уяву та моторику рук, сприяє зростанню навичок та вмінь, а також стимулює дітей до активної гри.',
        'https://bi.ua/uploaded-images/products_photos/size_400/520990_2.jpg',
        1286, 2, 1, 4, 1),
       (6, 'Пупс Чарівна дівчинка', 'pups-carivna-divcinka',
        'Ми раді представити вам нашу нову іграшку - захоплюючу та чарівну. Ця іграшка - ідеальний вибір для маленьких діток, які люблять проводити час з користю та задоволенням. Вона розвиває креативність, уяву та моторику рук, сприяє зростанню навичок та вмінь, а також стимулює дітей до активної гри.',
        'https://bi.ua/uploaded-images/products/size_400/566148_1.jpg',
        3200, 4, 1, 1, 1),
       (7, 'Конструктор Battat Архітектор 54', 'konstruktor-battat-arhitektor-54',
        'Ми раді представити вам нашу нову іграшку - захоплюючу та чарівну. Ця іграшка - ідеальний вибір для маленьких дівчаток та хлопчиків, які люблять проводити час з користю та задоволенням. Вона розвиває креативність, уяву та моторику рук, сприяє зростанню навичок та вмінь, а також стимулює дітей до активної гри.',
        'https://bi.ua/uploaded-images/products/size_400/533517_1.jpg',
        1199, 4, 2, 6, 2),
       (8, 'Конструктор Mega Bloks Потяг', 'konstruktor-mega-bloks-potag',
        'Ми раді представити вам нашу нову іграшку - захоплюючу та чарівну. Ця іграшка - ідеальний вибір для маленьких діток, які люблять проводити час з користю та задоволенням. Вона розвиває креативність, уяву та моторику рук, сприяє зростанню навичок та вмінь, а також стимулює дітей до активної гри.',
        'https://bi.ua/uploaded-images/products/size_400/519406_1.jpg',
        949, 5, 2, 7, 2),
       (9, 'Конструктор Animal', 'konstruktor-animal',
        'Ми раді представити вам нашу нову іграшку - захоплюючу та чарівну. Ця іграшка - ідеальний вибір для діток, які люблять проводити час з користю та задоволенням. Вона розвиває креативність, уяву та моторику рук, сприяє зростанню навичок та вмінь, а також стимулює дітей до активної гри.',
        'https://bi.ua/uploaded-images/products/size_400/550514_1.jpg',
        549, 5, 3, 8, 2),
       (10, 'Конструктор Вантажівка', 'konstruktor-vantazivka',
        'Ми раді представити вам нашу нову іграшку - захоплюючу та чарівну. Ця іграшка - ідеальний вибір для діток, які люблять проводити час з користю та задоволенням. Вона розвиває креативність, уяву та моторику рук, сприяє зростанню навичок та вмінь, а також стимулює дітей до активної гри.',
        'https://bi.ua/uploaded-images/products/size_400/569946_1.jpg',
        750, 6, 3, 9, 2),
       (11, 'Машинка Cars Тачки 3', 'masinka-cars-tacki-3',
        'Ми раді представити вам нашу нову іграшку - захоплюючу та чарівну. Ця іграшка - ідеальний вибір для діток, які люблять проводити час з користю та задоволенням. Вона розвиває креативність, уяву та моторику рук, сприяє зростанню навичок та вмінь, а також стимулює дітей до активної гри.',
        'https://bi.ua/uploaded-images/products/size_400/569946_1.jpg',
        200, 7, 2, 10, 3),
       (12, 'Машинка Pre cool', 'masinka-pre-cool',
        'Ми раді представити вам нашу нову іграшку - захоплюючу та чарівну. Ця іграшка - ідеальний вибір для діток, які люблять проводити час з користю та задоволенням. Вона розвиває креативність, уяву та моторику рук, сприяє зростанню навичок та вмінь, а також стимулює дітей до активної гри.',
        'https://bi.ua/uploaded-images/products/size_400/569946_1.jpg',
        1500, 6, 2, 11, 3),
       (13, 'Пожежна машина з драбиною', 'pozezna-masina-z-drabinou',
        'Ми раді представити вам нашу нову іграшку - захоплюючу та чарівну. Ця іграшка - ідеальний вибір для діток, які люблять проводити час з користю та задоволенням. Вона розвиває креативність, уяву та моторику рук, сприяє зростанню навичок та вмінь, а також стимулює дітей до активної гри.',
        'https://bi.ua/uploaded-images/products/size_400/558582_1.jpg',
        500, 5, 3, 11, 3),
       (14, 'Товарний поїзд з ландшафтом', 'tovarnij-poizd-z-landsaftom',
        'Ми раді представити вам нашу нову іграшку - захоплюючу та чарівну. Ця іграшка - ідеальний вибір для діток, які люблять проводити час з користю та задоволенням. Вона розвиває креативність, уяву та моторику рук, сприяє зростанню навичок та вмінь, а також стимулює дітей до активної гри.',
        'https://bi.ua/uploaded-images/products/size_400/527606_1.jpg',
        6200, 3, 3, 12, 3),
       (15, 'Монополія Неперевершений електронний банкін', 'monopolia-nepereversenij-elektronnij-bankin',
        'Ми раді представити вам нашу нову іграшку - захоплюючу та чарівну. Ця іграшка - ідеальний вибір для діток, які люблять проводити час з користю та задоволенням. Вона розвиває креативність, уяву та моторику рук, сприяє зростанню навичок та вмінь, а також стимулює дітей до активної гри.',
        'https://bi.ua/uploaded-images/products/size_400/558285_1.jpg',
        1999, 4, 3, 13, 4),
       (16, 'Noris Морський бій', 'noris-morskij-bij',
        'Ми раді представити вам нашу нову іграшку - захоплюючу та чарівну. Ця іграшка - ідеальний вибір для діток, які люблять проводити час з користю та задоволенням. Вона розвиває креативність, уяву та моторику рук, сприяє зростанню навичок та вмінь, а також стимулює дітей до активної гри.',
        'https://bi.ua/uploaded-images/products/size_400/555300_1.jpg',
        999, 5, 3, 14, 4),
       (17,'Гра-пазл Протилежності', 'gra-pazl-protileznosti',
        'Ми раді представити вам нашу нову іграшку - захоплюючу та чарівну. Ця іграшка - ідеальний вибір для діток, які люблять проводити час з користю та задоволенням. Вона розвиває креативність, уяву та моторику рук, сприяє зростанню навичок та вмінь, а також стимулює дітей до активної гри.',
        'https://bi.ua/uploaded-images/products/size_400/353555_1.jpg',
        350, 6, 2, 15, 4),
       (18, 'Пазл Професії', 'pazl-profesii',
        'Ми раді представити вам нашу нову іграшку - захоплюючу та чарівну. Ця іграшка - ідеальний вибір для діток, які люблять проводити час з користю та задоволенням. Вона розвиває креативність, уяву та моторику рук, сприяє зростанню навичок та вмінь, а також стимулює дітей до активної гри.',
        'https://bi.ua/uploaded-images/products/size_400/558973_1.jpg',
        450, 6, 3, 7, 4),
       (19, 'Пазл У дорозі', 'pazl-u-dorozi',
        'Ми раді представити вам нашу нову іграшку - захоплюючу та чарівну. Ця іграшка - ідеальний вибір для діток, які люблять проводити час з користю та задоволенням. Вона розвиває креативність, уяву та моторику рук, сприяє зростанню навичок та вмінь, а також стимулює дітей до активної гри.',
        'https://bi.ua/uploaded-images/products/size_400/560163_1.jpg',
        899, 4, 3, 9, 4),
       (20, 'Пазли Цукерки 1000 елементів', 'pazli-cukerki-1000-elementiv',
        'Ми раді представити вам нашу нову іграшку - захоплюючу та чарівну. Ця іграшка - ідеальний вибір для діток, які люблять проводити час з користю та задоволенням. Вона розвиває креативність, уяву та моторику рук, сприяє зростанню навичок та вмінь, а також стимулює дітей до активної гри.',
        'https://bi.ua/uploaded-images/products/size_400/535810_1.jpg',
        899, 4, 1, 11, 4),
       (21, 'Бластер іграшковий', 'blaster-igraskovij',
        'Ми раді представити вам нашу нову іграшку - захоплюючу та чарівну. Ця іграшка - ідеальний вибір для діток, які люблять проводити час з користю та задоволенням. Вона розвиває креативність, уяву та моторику рук, сприяє зростанню навичок та вмінь, а також стимулює дітей до активної гри.',
        'https://bi.ua/uploaded-images/products/size_400/557835_1.jpg',
        899, 5, 2, 10, 5),
       (22, 'Ігрова електронна мішень', 'igrova-elektronna-misen',
        'Ми раді представити вам нашу нову іграшку - захоплюючу та чарівну. Ця іграшка - ідеальний вибір для діток, які люблять проводити час з користю та задоволенням. Вона розвиває креативність, уяву та моторику рук, сприяє зростанню навичок та вмінь, а також стимулює дітей до активної гри.',
        'https://bi.ua/uploaded-images/products/size_400/559368_1.jpg',
        99, 5, 2, 12, 5),
       (23, 'Швидкострільний бластер', 'svidkostrilnij-blaster',
        'Ми раді представити вам нашу нову іграшку - захоплюючу та чарівну. Ця іграшка - ідеальний вибір для діток, які люблять проводити час з користю та задоволенням. Вона розвиває креативність, уяву та моторику рук, сприяє зростанню навичок та вмінь, а також стимулює дітей до активної гри.',
        'https://bi.ua/uploaded-images/products/size_400/559850_1.jpg',
        1799, 1, 2, 13, 5),
       (24, 'Робот-собака', 'robot-sobaka',
        'Ми раді представити вам нашу нову іграшку - захоплюючу та чарівну. Ця іграшка - ідеальний вибір для діток, які люблять проводити час з користю та задоволенням. Вона розвиває креативність, уяву та моторику рук, сприяє зростанню навичок та вмінь, а також стимулює дітей до активної гри.',
        'https://bi.ua/uploaded-images/products/size_400/559295_1.jpg',
        2999, 5, 3, 14, 6),
       (25, 'Робот-трансформер', 'robot-transformer',
        'Ми раді представити вам нашу нову іграшку - захоплюючу та чарівну. Ця іграшка - ідеальний вибір для діток, які люблять проводити час з користю та задоволенням. Вона розвиває креативність, уяву та моторику рук, сприяє зростанню навичок та вмінь, а також стимулює дітей до активної гри.',
        'https://bi.ua/uploaded-images/products/size_400/561660_1.jpg',
        2999, 1, 2, 15, 6),
       (26, 'Ведмідь білий', 'vedmid-bilij',
        'Ми раді представити вам нашу нову іграшку - захоплюючу та чарівну. Ця іграшка - ідеальний вибір для діток, які люблять проводити час з користю та задоволенням. Вона розвиває креативність, уяву та моторику рук, сприяє зростанню навичок та вмінь, а також стимулює дітей до активної гри.',
        'https://bi.ua/uploaded-images/products/size_400/547373_1.jpg',
        299, 1, 3, 1, 7),
       (27, 'Панда', 'panda',
        'Ми раді представити вам нашу нову іграшку - захоплюючу та чарівну. Ця іграшка - ідеальний вибір для діток, які люблять проводити час з користю та задоволенням. Вона розвиває креативність, уяву та моторику рук, сприяє зростанню навичок та вмінь, а також стимулює дітей до активної гри.',
        'https://bi.ua/uploaded-images/products/size_400/556114_1.jpg',
        86, 1, 3, 1, 7),
       (28, 'Пінгвін', 'pingvin',
        'Ми раді представити вам нашу нову іграшку - захоплюючу та чарівну. Ця іграшка - ідеальний вибір для діток, які люблять проводити час з користю та задоволенням. Вона розвиває креативність, уяву та моторику рук, сприяє зростанню навичок та вмінь, а також стимулює дітей до активної гри.',
        'https://bi.ua/uploaded-images/products_photos/size_400/556117_2.jpg',
        86, 2, 3, 11, 7),
       (29, 'Цуценя', 'cucena',
        'Ми раді представити вам нашу нову іграшку - захоплюючу та чарівну. Ця іграшка - ідеальний вибір для діток, які люблять проводити час з користю та задоволенням. Вона розвиває креативність, уяву та моторику рук, сприяє зростанню навичок та вмінь, а також стимулює дітей до активної гри.',
        'https://bi.ua/uploaded-images/products/size_400/549817_1.jpg',
        850, 2, 3, 11, 7),
       (30, 'Єдиноріг', 'edinorig',
        'Ми раді представити вам нашу нову іграшку - захоплюючу та чарівну. Ця іграшка - ідеальний вибір для діток, які люблять проводити час з користю та задоволенням. Вона розвиває креативність, уяву та моторику рук, сприяє зростанню навичок та вмінь, а також стимулює дітей до активної гри.',
        'https://bi.ua/uploaded-images/products/size_400/555562_1.jpg',
        850, 2, 3, 12, 7);

INSERT INTO product_age_category(products_id, age_category_id)
VALUES (1, 2),
       (1, 3),
       (1, 4),
       (2, 2),
       (2, 3),
       (3, 2),
       (3, 3),
       (4, 2),
       (5, 2),
       (6, 1),
       (6, 2),
       (7, 4),
       (7, 5),
       (8, 5),
       (9, 4),
       (9, 5),
       (10, 4),
       (10, 5),
       (11, 2),
       (11, 3),
       (11, 4),
       (12, 4),
       (12, 3),
       (13, 3),
       (14, 3),
       (14, 4),
       (15, 6),
       (15, 7),
       (16, 6),
       (16, 7),
       (17, 6),
       (17, 7),
       (18, 3),
       (18, 2),
       (19, 2),
       (19, 3),
       (20, 3),
       (20, 4),
       (21, 3),
       (21, 4),
       (22, 4),
       (22, 3),
       (23, 3),
       (23, 4),
       (23, 5),
       (24, 6),
       (24, 7),
       (25, 5),
       (25, 4),
       (26, 2),
       (26, 3),
       (26, 4),
       (27, 4),
       (27, 3),
       (27, 2),
       (28, 2),
       (28, 3),
       (28, 4),
       (29, 4),
       (29, 3),
       (29, 2),
       (30, 2),
       (30, 3);

INSERT INTO blog_post(id, title, slug, image, content, author, created_at, updated_at)
VALUES (1, '10 найпопулярніших іграшок 2023 року', '10-naypopulyarnishykh-ihrashok-2023-roku', 'https://karapuzov.com.ua/image/catalog/blog/2020-November/razvivajuschie-igrushki/razvivayuschie-igrushki-dlya-malyshey-blog-karapuzov.jpg',
        'Рік 2023 вже стартував і з ним з’явилися нові іграшки, які стали набувати популярності серед дітей та дорослих. У цьому пості я розкажу про 10 найпопулярніших іграшок 2023 року, які здобули найбільшу популярність серед широкого загалу.
1. Розумні ляльки – ці ляльки вміють говорити, розповідати різні історії та навіть реагувати на дії дитини.
2. Віртуальні реалістичні іграшки – ці іграшки стали дуже популярні в 2023 році, оскільки дозволяють дітям переживати захоплюючі пригоди від першої особи.
3. Розумні роботи – робототехніка набуває все більшої популярності, тому розумні роботи, які вміють робити різні речі, стали дуже популярні в 2023 році.
4. Літаки з дистанційним управлінням – ці іграшки підійшли для любителів техніки та літаків, оскільки дозволяють відчути себе пілотом.
5. Розумні автомобілі – ці автомобілі мають безліч функцій та можуть бути використані для змагань та перегонів.
6. Розумні кубики – ці кубики допомагають розвивати логіку та математичні навички дітей.
7. Конструктори розумних будівель – ці іграшки дозволяють створювати різні будівлі та споруди, а також навчають дітей розуміти принципи архітектури та конструкції.
8. Розумні кольорові кульки – ці кульки можна збирати у різні малюнки та створювати власні композиції.
9. Графіті машинки - це дивовижні іграшки для дітей, які люблять креативність та малювання. Ці машинки вже мають забарвлення з елементами графіті, але в доповненнях до них є спеціальні фарби, за допомогою яких можна створювати неймовірні графіті-шедеври на машинках. Ця іграшка стане відмінним способом розвитку дитячої фантазії та творчого мислення.
10. Розумні роботи - це іграшки, які розроблені з метою розвитку дитячої логіки та інтелекту. Вони можуть виконувати різноманітні функції, які можна програмувати за допомогою спеціальної програми на комп’ютері або смартфоні. Ці іграшки допомагають розвивати у дітей логічне мислення, вчать програмуванню та розвивають творчість.',
        'Ірина', '2023-05-03', null),
       (2, 'Як вибрати іграшку відповідно до віку вашої дитини', 'yak-vybraty-ihrashku-vidpovidno-do-viku-vashoyi-dytyny', 'https://t1.ua/photos/articles/2019/11/35795_1_1097.jpg',
        'Вибір іграшки для дитини є важливою задачею для батьків. Від правильного вибору залежить розвиток дитини та її безпека. Однак, як вибрати іграшку відповідно до віку дитини?
Почнемо з того, що не всі іграшки підходять для всіх вікових категорій. Наприклад, іграшки для немовлят повинні бути безпечними, м’якими та зручними для утримання малюка. Для дітей старшого віку, іграшки можуть бути складнішими та розвивальними.
Крім того, важливо враховувати інтереси та захоплення дитини. Якщо дитина захоплюється малюванням, то можна вибрати іграшки для розвитку мистецьких здібностей. Якщо дитина цікавиться наукою, то можна вибрати наукові ігри або конструктори.
Також, слід звернути увагу на матеріали, з яких виготовлені іграшки. Для дітей молодшого віку, краще вибирати іграшки з безпечних матеріалів, які не містять шкідливих речовин.
Не забувайте про розмір іграшки. Вона повинна бути зручною для гри та не завеликою для дитини.',
        'Денис', '2022-07-03', '2023-05-08'),
       (3, 'Історія найпопулярнішої іграшки в світі', 'istoriya-naypopulyarnishoyi-ihrashky-v-sviti','https://www.iphones.ru/wp-content/uploads/2018/08/lego_best_hobby-14.jpg',
        'Іграшки є невід''ємною частиною нашого життя, від наших дитячих років і до дорослості. Вони допомагають нам розвиватися і вчитися новому, а також забавляти і розважатися. Сьогодні ми розглянемо історію найпопулярнішої іграшки в світі - лего.
Lego були створені датським винахідником Оле Кірк Крістіансеном в 1932 році. Початково, він виробляв дерев''яні іграшки, але пізніше він перейшов до виробництва іграшок з пластику. У 1949 році Lego запускає першу серію конструкторів, які складалися з деталей, що з''єднувалися за допомогою штирів та отворів. Ці конструктори знайшли своїх прихильників серед дітей та дорослих, і за короткий час Lego стали однією з найпопулярніших іграшок у світі.
У 1958 році Lego запускає патент на свою відому систему з''єднання, що дозволяє деталям легко з''єднуватися одна з одною. З цього часу Lego стали більш універсальними, дозволяючи створювати різні будівлі, машини та інші об''єкти. У 1978 році була запущена серія космічних конструкторів, а в 1983 році - серія для дівчаток з набором фігурок і меблів для лялькових будиночків.',
        'Денис', '2022-07-03', null),
       (4, 'Як іграшки впливають на розвиток дитини', 'yak-ihrashky-vplyvayut-na-rozvytok-dytyny','https://zhzh.info/_pu/127/72415546.jpg',
        'Великий асортимент сучасних дитячих іграшок на прилавках магазинів приємно дивує і батьків, і дітей. Але далеко не всі іграшки можна купувати своєму малюку. Деякі з них негативно впливають на виховання дитини:
•	Кислотна атака. Багато сучасних іграшок відрізняються яскравою кольоровою палітрою. Але «кислотні» відтінки погано впливають на сенсорику малюків, викликаючи в них роздратування. Це призводить до появи ранньої дитячої агресії, розгубленості.
•	Страшилки. Наявність гострих зубів, злого погляду іграшки, великих кігтів – все це символізує страх та жах. В результаті у дитини починають з’являтися проблеми з психікою, в його внутрішньому світі розвиваються
•	вигадані монстри, яких дитина боїться.
•	Електронні маніпулятори. Іграшки, доповнені електронними функціями, сприяють тому, що дитина «гальмує» в розвитку. Малюк виконує всі підказки, які повідомляє йому іграшка. В результаті зупиняється стимуляція фантазії і прослідковується відсутність творчого мислення.',
        'Денис', '2023-04-30', '2023-05-08'),
       (5, '5 ігрових ідей для активного відпочинку з дітьми', '5-ihrovykh-idey-dlya-aktyvnoho-vidpochynku-z-ditmy','https://img.tsn.ua/cached/213/tsn-044a03ab1c6615c0753d2de60e24b711/thumbs/1200x630/a3/e8/af41912fcca6928330d037904237e8a3.jpeg',
        'Активний відпочинок з дітьми - це чудовий спосіб провести час разом і збільшити фізичну активність. Однак іноді складно знайти цікаві ігри, які б дійсно зацікавили дітей. Ось п''ять ігрових ідей для активного відпочинку з дітьми:
Рухливі естафети: розділіть дітей на команди і організуйте естафету з різними рухами, такими як біг, стрибки, кульбіт, кулька і т. д. Це чудовий спосіб розвивати координацію та збільшувати фізичну активність.
Лазанки: створіть прості лазанки з різних матеріалів, таких як дроти, дерев''яні палички, шматки тканини тощо. Діти можуть бігати, перестрибувати через лазанки, робити підгортання і т.д.
Водні ігри: у спеку чудово погратися з водою. Діти можуть грати в водні бої, бігати з мокрими губками, грати в м''яч з водою або пливати на матрацах.
Ігри з м''ячем: футбол, волейбол, баскетбол - це класичні ігри з м''ячем, які діти люблять. Вони розвивають координацію, збільшують фізичну активність та вчать співпрацювати у команді.
Ці ігри допоможуть вам провести час з дітьми, збільшити їх фізичну активність!',
        'Іштван', '2022-05-17', '2023-04-23'),
       (6, 'Новинки іграшок у 2023 році', 'novynky-ihrashok-u-2023-rotsi','https://tsikavi-fakty.com.ua/wp-content/uploads/2020/02/6f2aacf7d87b674d21b29614559e7f39.jpg',
        'Рік 2023 вже стартував і з ним з’явилися нові іграшки, які стали набувати популярності серед дітей та дорослих. У цьому пості я розкажу про 10 найпопулярніших іграшок 2023 року, які здобули найбільшу популярність серед широкого загалу.
1. Розумні ляльки – ці ляльки вміють говорити, розповідати різні історії та навіть реагувати на дії дитини.
2. Віртуальні реалістичні іграшки – ці іграшки стали дуже популярні в 2023 році, оскільки дозволяють дітям переживати захоплюючі пригоди від першої особи.
3. Розумні роботи – робототехніка набуває все більшої популярності, тому розумні роботи, які вміють робити різні речі, стали дуже популярні в 2023 році.
4. Літаки з дистанційним управлінням – ці іграшки підійшли для любителів техніки та літаків, оскільки дозволяють відчути себе пілотом.
5. Розумні автомобілі – ці автомобілі мають безліч функцій та можуть бути використані для змагань та перегонів.
6. Розумні кубики – ці кубики допомагають розвивати логіку та математичні навички дітей.
7. Конструктори розумних будівель – ці іграшки дозволяють створювати різні будівлі та споруди, а також навчають дітей розуміти принципи архітектури та конструкції.
8. Розумні кольорові кульки – ці кульки можна збирати у різні малюнки та створювати власні композиції.
9. Графіті машинки - це дивовижні іграшки для дітей, які люблять креативність та малювання. Ці машинки вже мають забарвлення з елементами графіті, але в доповненнях до них є спеціальні фарби, за допомогою яких можна створювати неймовірні графіті-шедеври на машинках. Ця іграшка стане відмінним способом розвитку дитячої фантазії та творчого мислення.
10. Розумні роботи - це іграшки, які розроблені з метою розвитку дитячої логіки та інтелекту. Вони можуть виконувати різноманітні функції, які можна програмувати за допомогою спеціальної програми.',
        'Іштван', '2022-07-03', null),
       (7, '5 іграшок, які допоможуть розвинути творчість та уяву дитини','5-ihrashok-yaki-dopomozhut-rozvynuty-tvorchist-ta-uyavu-dytyny', 'https://vikna.if.ua/assets/gallery/2019/11/12/104062/44412458__large.jpg',
        '1. Музичні іграшки.
Вони бувають різного розміру, виду й складності: починаючи від примітивних ксилофонів й закінчуючи мініатюрними моделями справжніх клавішних або струнних інструментів. Моделі фортепіано для найменших призначені для розпізнавання тваринних звуків, для старших клавіші мають функцію відтворювання всіх нот кількох октав. Таким чином знайомитись з основами музичного мистецтва малюкам буде набагато простіше. Крім того, дитячі інструменти для гри мають яскравий вигляд, тож не залишать байдужими своїх маленьких власників.
2. Для малювання.
Іграшок цієї категорії теж є чимало. Це й дошки, по поверхні яких можна малювати крейдою, й спеціальні коврики та різноманітні альбоми-розфарбовки тощо. Такі забавки дозволяють малюкам сміливо експериментувати з кольорами й формами й втілювати у життя власні образи.
Окрім фарб та крейди, дитину можна потішити різнобарвним пластиліном, трафаретами з зображенням тварин, рослин й улюблених героїв й низкою інших творчих аксесуарів.
3. Для рукоділля.
Даремно вважати, що рукоділля цікавить лише дівчаток. Юні джентльмени також можуть займатись створенням різноманітних речей власними руками й отримувати від цього неймовірну радість та задоволення.',
        'Іштван', '2022-11-05', '2023-03-08'),
       (8, 'Іграшки для вивчення іноземної мови', 'ihrashky-dlya-vyvchennya-inozemnoyi-movy','https://arhpress.ru/uploads/posts/2018-11/1541022564_7843.jpg',
        'Навчання іноземної мови може бути цікавим та захоплюючим процесом для дитини, якщо зробити його цікавим та залучити до нього різноманітні інструменти. Одним із таких інструментів можуть бути іграшки для вивчення іноземної мови.
Такі іграшки допомагають дітям познайомитися з новою мовою, закріпити знання, розвивати мовленнєві та комунікативні навички. Ці іграшки можуть бути різними: від інтерактивних м''яких іграшок, які відтворюють звуки, до настільних ігор та пазлів з іноземними словами.
Однією з найпопулярніших іграшок для вивчення іноземної мови є так звані "мовні кубики". Це кубики з різними зображеннями, кольорами та словами на різних мовах. Дитина може кидати кубик та повторювати слова, які вона бачить на ньому. Це допомагає засвоїти нові слова та покращити вимову.
Іншою популярною іграшкою є так звані "мовні картки". Це картки з зображеннями та словами на іноземній мові. Дитина може переглядати ці картки, називати слова та складати речення. Це допомагає закріпити знання та покращити мовленнєві навички.
Окрім того, на ринку існує багато різноманітних додатків для смартфонів та планшетів, які допомагають вивчати іноземну мову. Деякі з них містять ігрові елементи, що робить процес вивчення ще більш цікавим та захоплюючим для дітей.',
        'Денис', '2022-07-03', '2023-05-08'),
       (9, 'Як створювати розвивальні ігри для дітей вдома', 'yak-stvoryuvaty-rozvyvalni-ihry-dlya-ditey-vdoma','https://smarttoys.com.ua/upload/iblock/07c/Igrashki-dlya-khlopchikiv.jpg',
        '1. ПОЇХАЛИ!
        Підходить для віку: 5-8 років.
        Запропонуйте малюку уявити себе автомобілем, який їде темною дорогою. Для цього поставте кілька стільців або інших предметів, дайте дитині в руки кермо або його круглий замінник і заплющіть очі. Ви – навігатор, малюк – машина, вмикайтеся і вперед! Спробуйте помінятися місцями, щоб дитина теж спробувала себе ролі помічника.
        2. УТРИМАЙ КУЛЬКУ
        Підходить для віку: 5-15 років.
        Для цієї дитячої гри знадобиться повітряна кулька і трохи спритності. Завдання: перенести кульку з одного кінця кімнати/коридора в інший, не торкаючись руками і не даючи йому впасти. Нехай діти виявлять кмітливість: на кулю можна дмухати, підштовхувати носом, підборіддям, колінами. Якщо дітей двоє, влаштуйте змагання: хто швидше донесе кульку до фінішу. Для старших учасників завдання можна ускладнити, побудувавши доріжку або поставивши невеликі перешкоди, які потрібно обійти.
        3. ПЕРЕЙДИ РІЧКУ
        Підходить для віку: 3-5 років.
        Роль берегів можуть виконати скакалки, стрічки або два відрізки мотузки, розкладені на відстані півтора-два метри один від одного. З паперу виріжте кружечки, які замінять камінчики. Запропонуйте малюкові «перебратися» з одного берега на інший, переступаючи по камінню, не «замочивши» ніжки. Гра проста, але добре розвиває координацію рухів у дітей.
        4. “БЛИСКУЧИЙ” БАСКЕТБОЛ
        Підходить для віку: 5-13 років.
        В умовах квартири розважальні ігри для дітей з м’ячем не дуже зручні, а ось якщо його замінити невеликими кульками з фольги, а кошик спорудити з дитячого відерця або обрізаної п’ятилітрової пляшки, то вийде цілком пристойний баскетбол. Змагання можна ускладнювати: кидати по черзі лівою та правою рукою, порахувати, у кого буде більше влучень за хвилину, варіювати відстань від гравця до кошика.',
        'Ірина', '2022-07-03', null),
       (10, 'Найбільш креативні іграшки для розвитку логіки у дітей', 'naybilsh-kreatyvni-ihrashky-dlya-rozvytku-lohiky-u-ditey','https://www.hitfm.ua/static/img/content/info/7/32/1200x630.jpg',
        '1. Музичні іграшки.
Вони бувають різного розміру, виду й складності: починаючи від примітивних ксилофонів й закінчуючи мініатюрними моделями справжніх клавішних або струнних інструментів. Моделі фортепіано для найменших призначені для розпізнавання тваринних звуків, для старших клавіші мають функцію відтворювання всіх нот кількох октав. Таким чином знайомитись з основами музичного мистецтва малюкам буде набагато простіше. Крім того, дитячі інструменти для гри мають яскравий вигляд, тож не залишать байдужими своїх маленьких власників.
2. Для малювання.
Іграшок цієї категорії теж є чимало. Це й дошки, по поверхні яких можна малювати крейдою, й спеціальні коврики та різноманітні альбоми-розфарбовки тощо. Такі забавки дозволяють малюкам сміливо експериментувати з кольорами й формами й втілювати у життя власні образи.
Окрім фарб та крейди, дитину можна потішити різнобарвним пластиліном, трафаретами з зображенням тварин, рослин й улюблених героїв й низкою інших творчих аксесуарів.
3. Для рукоділля.
Даремно вважати, що рукоділля цікавить лише дівчаток. Юні джентльмени також можуть займатись створенням різноманітних речей власними руками й отримувати від цього неймовірну радість та задоволення.',
        'Ірина', '2023-04-15', null);

INSERT INTO shipping_option(id, method, type, price)
VALUES (1, 'COURIER', 'STANDARD', 100),
       (2, 'COURIER', 'EXPRESS', 150),
       (3, 'POSTAL_SERVICE', 'STANDARD', 50),
       (4, 'POSTAL_SERVICE', 'EXPRESS', 100);

INSERT INTO user(email, enabled, firstname, lastname, locked, password, role)
VALUES ('admin@gmail.com', TRUE, 'Admin', 'Admin', false, '$2a$10$uEEIcFX0YJJ8SPMftakM1.wndfpNUpH4rn3u7pIXKW32Rck5Qe45a', 'ADMIN');